threshold,precision,recall,f1,f2,roc_auc,pr_auc,strategy,threshold_type,fold
0.5,0.584418356456777,0.1826429190847842,0.2783085993088026,0.21175888258132378,0.737514516895291,0.46564494048342375,S0,default_0.5,0
0.13656227815623725,0.31097617288511264,0.8984724167834034,0.46203454367699776,0.6520876098996863,0.737514516895291,0.46564494048342375,S0,validation_tuned,0
0.13656227815623725,0.31097617288511264,0.8984724167834034,0.46203454367699776,0.6520876098996863,0.737514516895291,0.46564494048342375,S5,validation_tuned,0
0.5,0.3890666865138434,0.6974184510706424,0.4994864199890118,0.6019968676585747,0.7373676986321627,0.4636486297017849,S1,default_0.5,0
0.33880124256373323,0.31401453011483477,0.893802948435728,0.4647508714729193,0.6527563965157746,0.7373676986321627,0.4636486297017849,S1,validation_tuned,0
0.5,0.398696558915537,0.5101060636381829,0.44757250299961954,0.4831067421409077,0.6959342257909077,0.4107240192471082,S2,default_0.5,0
0.1266474572288824,0.28207784820412807,0.9262224001067307,0.43245347660204003,0.6358299446825658,0.6959342257909077,0.4107240192471082,S2,validation_tuned,0
0.5,0.398696558915537,0.5101060636381829,0.44757250299961954,0.4831067421409077,0.6959342257909077,0.4107240192471082,S3,default_0.5,0
0.1266474572288824,0.28207784820412807,0.9262224001067307,0.43245347660204003,0.6358299446825658,0.6959342257909077,0.4107240192471082,S3,validation_tuned,0
0.5,0.37401192622382473,0.7196317790674405,0.4922094216949926,0.6073777137194847,0.7323498163250193,0.4554378370657078,S4,default_0.5,0
0.31371777225932207,0.2979380779711202,0.9262891067974118,0.4508587941166921,0.6514905555920466,0.7323498163250193,0.4554378370657078,S4,validation_tuned,0
0.5,0.5924584576054538,0.18551130678407043,0.2825501651003302,0.21505459494571438,0.738560774059694,0.4701263131993486,S0,default_0.5,1
0.12727719281361677,0.305691129718354,0.9108131545594023,0.45775013829056105,0.652489725700086,0.738560774059694,0.4701263131993486,S0,validation_tuned,1
0.12727719281361677,0.305691129718354,0.9108131545594023,0.45775013829056105,0.652489725700086,0.738560774059694,0.4701263131993486,S5,validation_tuned,1
0.5,0.3872323022010708,0.6947501834433993,0.49729032874161433,0.5995279760534193,0.7385098388979761,0.46818254915265556,S1,default_0.5,1
0.327468632018654,0.31098739302475387,0.9017410446267761,0.4624779760173797,0.6534728130559208,0.7385098388979761,0.46818254915265556,S1,validation_tuned,1
0.5,0.39515961857379767,0.5086385164431992,0.44477498760463147,0.48101185970224575,0.6936276612142843,0.4102116709695032,S2,default_0.5,1
0.13798721874898306,0.2842475677913475,0.9160162764325261,0.43386360405048896,0.6341319245617599,0.6936276612142843,0.4102116709695032,S2,validation_tuned,1
0.5,0.39515961857379767,0.5086385164431992,0.44477498760463147,0.48101185970224575,0.6936276612142843,0.4102116709695032,S3,default_0.5,1
0.13798721874898306,0.2842475677913475,0.9160162764325261,0.43386360405048896,0.6341319245617599,0.6936276612142843,0.4102116709695032,S3,validation_tuned,1
0.5,0.3726576841813585,0.7176972850376893,0.4905841046919885,0.6055608712782125,0.7328419786842469,0.4592476333681466,S4,default_0.5,1
0.337575974878042,0.3051993106381074,0.909612434127143,0.45704709234121,0.6515485985684661,0.7328419786842469,0.4592476333681466,S4,validation_tuned,1
0.5,0.591282375236892,0.18731238743245948,0.2844984802431611,0.2169579528070094,0.737386081098278,0.46502490196736773,S0,default_0.5,2
0.13065145395501718,0.30733292707698556,0.9083450070042025,0.4592734999494081,0.6529619932675432,0.737386081098278,0.46502490196736773,S0,validation_tuned,2
0.13065145395501718,0.30733292707698556,0.9083450070042025,0.4592734999494081,0.6529619932675432,0.737386081098278,0.46502490196736773,S5,validation_tuned,2
0.5,0.38605947955390335,0.6927489827229671,0.4958105559666754,0.5977735310370234,0.737322387787739,0.4630723175523215,S1,default_0.5,2
0.3235261804045526,0.30896548583917677,0.905276499232873,0.460697615208351,0.6531553211150469,0.737322387787739,0.4630723175523215,S1,validation_tuned,2
0.5,0.3937826541274817,0.5027683276632646,0.44165128475579385,0.47639815938511326,0.6931385644821836,0.40881927699962384,S2,default_0.5,2
0.13339923254926955,0.28369129585859626,0.9207524514708826,0.43374289036231656,0.6353860742595678,0.6931385644821836,0.40881927699962384,S2,validation_tuned,2
0.5,0.3937826541274817,0.5027683276632646,0.44165128475579385,0.47639815938511326,0.6931385644821836,0.40881927699962384,S3,default_0.5,2
0.13339923254926955,0.28369129585859626,0.9207524514708826,0.43374289036231656,0.6353860742595678,0.6931385644821836,0.40881927699962384,S3,validation_tuned,2
0.5,0.37293775128240675,0.7177639917283704,0.49084232374609404,0.6057467123040894,0.7311430437150239,0.45348851114328104,S4,default_0.5,2
0.3396477928406241,0.3059510442398383,0.9088119538389701,0.45778800759395843,0.651903458571784,0.7311430437150239,0.45348851114328104,S4,validation_tuned,2
0.5,0.5873362445414847,0.1794409979320926,0.27489653058096164,0.20838497768963807,0.7373720026540338,0.4639230293128095,S0,default_0.5,3
0.12763647811935463,0.30637122844827586,0.9103462077246348,0.4584530108339632,0.6529165231369848,0.7373720026540338,0.4639230293128095,S0,validation_tuned,3
0.12763647811935463,0.30637122844827586,0.9103462077246348,0.4584530108339632,0.6529165231369848,0.7373720026540338,0.4639230293128095,S5,validation_tuned,3
0.5,0.3885508644357053,0.6986191715029018,0.499368220288473,0.6024643917255345,0.7375151961060915,0.4623308272423472,S1,default_0.5,3
0.3061777922622404,0.3040791921339357,0.9159495697418452,0.45658137562970724,0.6531107305936074,0.7375151961060915,0.4623308272423472,S1,validation_tuned,3
0.5,0.3943833298074889,0.4974317924087786,0.43995398094339067,0.4727279642965818,0.692511755995172,0.40914945821641435,S2,default_0.5,3
0.1367163350620258,0.284783059995848,0.9150823827629911,0.43438197621950253,0.6343055838126769,0.692511755995172,0.40914945821641435,S2,validation_tuned,3
0.5,0.3943833298074889,0.4974317924087786,0.43995398094339067,0.4727279642965818,0.692511755995172,0.40914945821641435,S3,default_0.5,3
0.1367163350620258,0.284783059995848,0.9150823827629911,0.43438197621950253,0.6343055838126769,0.692511755995172,0.40914945821641435,S3,validation_tuned,3
0.5,0.37498694335155464,0.7184310586351811,0.4927708638360176,0.6072052771043581,0.7320823357689465,0.45529176965684537,S4,default_0.5,3
0.3324551076201238,0.30392091376661545,0.910546327796678,0.4557291666666667,0.6507623215767041,0.7320823357689465,0.45529176965684537,S4,validation_tuned,3
0.5,0.5812636165577342,0.17798532354903268,0.2725229826353422,0.2066615027110767,0.7360071846547176,0.46131160514889613,S0,default_0.5,4
0.13531482654428986,0.3101795303173469,0.8978652434956638,0.4610746647025573,0.6511306131532351,0.7360071846547176,0.46131160514889613,S0,validation_tuned,4
0.13531482654428986,0.3101795303173469,0.8978652434956638,0.4610746647025573,0.6511306131532351,0.7360071846547176,0.46131160514889613,S5,validation_tuned,4
0.5,0.38695928515347516,0.6904603068712475,0.4959628147686705,0.5968376255665633,0.735802553550691,0.45896069445218834,S1,default_0.5,4
0.3395529761155969,0.3141437686892232,0.8900600400266845,0.46438453907867944,0.6512676826351398,0.735802553550691,0.45896069445218834,S1,validation_tuned,4
0.5,0.3982593194568238,0.5067378252168112,0.4459971229780113,0.48055875393822833,0.6951942390585489,0.4076502935580722,S2,default_0.5,4
0.1115363643429501,0.2776636916515283,0.9380920613742495,0.42849742511503186,0.6356912950707027,0.6951942390585489,0.4076502935580722,S2,validation_tuned,4
0.5,0.3982593194568238,0.5067378252168112,0.4459971229780113,0.48055875393822833,0.6951942390585489,0.4076502935580722,S3,default_0.5,4
0.1115363643429501,0.2776636916515283,0.9380920613742495,0.42849742511503186,0.6356912950707027,0.6951942390585489,0.4076502935580722,S3,validation_tuned,4
0.5,0.3742344097995546,0.7174116077384923,0.4918812605772309,0.6062280147920989,0.7309920379171093,0.4500324503636939,S4,default_0.5,4
0.3337174396411974,0.3040297941615932,0.909472981987992,0.4557169360365028,0.6504231829848952,0.7309920379171093,0.4500324503636939,S4,validation_tuned,4
0.5,0.5857235281431961,0.18117537188980054,0.2767475035663338,0.21021346418786088,0.7334618312618958,0.45989789220117033,S0,default_0.5,5
0.12251230001105512,0.3021524090678769,0.9148822626909479,0.45427445265145244,0.6508945944663281,0.7334618312618958,0.45989789220117033,S0,validation_tuned,5
0.12251230001105512,0.3021524090678769,0.9148822626909479,0.45427445265145244,0.6508945944663281,0.7334618312618958,0.45989789220117033,S5,validation_tuned,5
0.5,0.3851609788703628,0.6918817957441131,0.4948473282442748,0.5968259813793977,0.7335209437827529,0.4579732087570857,S1,default_0.5,5
0.30388754488747244,0.30254117854311635,0.9164832232672937,0.4549111799082827,0.6519036592772548,0.7335209437827529,0.4579732087570857,S1,validation_tuned,5
0.5,0.3929471032745592,0.49949969981989195,0.43986254295532645,0.47380410022779046,0.6889122592946115,0.40446388028621305,S2,default_0.5,5
0.12411069285871672,0.28105860880146016,0.9244880261490227,0.43106639088039067,0.6341398685872212,0.6889122592946115,0.40446388028621305,S2,validation_tuned,5
0.5,0.3929471032745592,0.49949969981989195,0.43986254295532645,0.47380410022779046,0.6889122592946115,0.40446388028621305,S3,default_0.5,5
0.12411069285871672,0.28105860880146016,0.9244880261490227,0.43106639088039067,0.6341398685872212,0.6889122592946115,0.40446388028621305,S3,validation_tuned,5
0.5,0.371307430319038,0.7126942832366087,0.4882440306180738,0.6019968897203002,0.7274644309588858,0.4495041225750577,S4,default_0.5,5
0.3307525956812856,0.30264236195707545,0.9114802214662131,0.45440638510143,0.6499671781796733,0.7274644309588858,0.4495041225750577,S4,validation_tuned,5
0.5,0.5872043918918919,0.18551130678407043,0.28194859836771935,0.21491499227202474,0.7389804726753637,0.46684397996219706,S0,default_0.5,6
0.12566866279866667,0.30464220914280654,0.9184177172970449,0.45752263853119546,0.654633979345366,0.7389804726753637,0.46684397996219706,S0,validation_tuned,6
0.12566866279866667,0.30464220914280654,0.9184177172970449,0.45752263853119546,0.654633979345366,0.7389804726753637,0.46684397996219706,S5,validation_tuned,6
0.5,0.3866101069715972,0.6991528250283503,0.49789791216360657,0.6018444082045157,0.7388511020809494,0.4649678402077327,S1,default_0.5,6
0.31310457733062147,0.30618936099029775,0.9157494496698019,0.4589308996088657,0.6549680817565053,0.7388511020809494,0.4649678402077327,S1,validation_tuned,6
0.5,0.39531048698788973,0.5117070242145287,0.446040237236888,0.48324912749310184,0.6962519778307854,0.4102880381653091,S2,default_0.5,6
0.14120363231748564,0.2859577652144995,0.9177506503902342,0.436048999255186,0.6364965394722233,0.6962519778307854,0.4102880381653091,S2,validation_tuned,6
0.5,0.39531048698788973,0.5117070242145287,0.446040237236888,0.48324912749310184,0.6962519778307854,0.4102880381653091,S3,default_0.5,6
0.14120363231748564,0.2859577652144995,0.9177506503902342,0.436048999255186,0.6364965394722233,0.6962519778307854,0.4102880381653091,S3,validation_tuned,6
0.5,0.37411061079984875,0.7260356213728237,0.4937845930496325,0.611069315157708,0.7334511389870897,0.4560456908000807,S4,default_0.5,6
0.3312277558015071,0.30297143361737827,0.9154826229070776,0.45527376470002817,0.6518971708688795,0.7334511389870897,0.4560456908000807,S4,validation_tuned,6
0.5,0.5833857772183764,0.18551130678407043,0.28150622532645003,0.21481206840617323,0.7369609925707047,0.46416841113521357,S0,default_0.5,7
0.1429548164061938,0.3152965167287127,0.8869988659862584,0.46522286753901054,0.6509394244984678,0.7369609925707047,0.46416841113521357,S0,validation_tuned,7
0.1429548164061938,0.3152965167287127,0.8869988659862584,0.46522286753901054,0.6509394244984678,0.7369609925707047,0.46416841113521357,S5,validation_tuned,7
0.5,0.38741091750307827,0.692615569341605,0.49688935681470137,0.5983403446090013,0.7368274831678572,0.4620028972739295,S1,default_0.5,7
0.34706169725776903,0.3174052450229709,0.884864251884464,0.46721730095274994,0.6518043162073981,0.7368274831678572,0.4620028972739295,S1,validation_tuned,7
0.5,0.397834274952919,0.5073043826295778,0.44594951183041603,0.4808421851289833,0.696069260240875,0.413905251701337,S2,default_0.5,7
0.12072436960477397,0.28053216503547096,0.9311586952171302,0.43116602316602315,0.6361018200377314,0.696069260240875,0.413905251701337,S2,validation_tuned,7
0.5,0.397834274952919,0.5073043826295778,0.44594951183041603,0.4808421851289833,0.696069260240875,0.413905251701337,S3,default_0.5,7
0.12072436960477397,0.28053216503547096,0.9311586952171302,0.43116602316602315,0.6361018200377314,0.696069260240875,0.413905251701337,S3,validation_tuned,7
0.5,0.3729750399777515,0.7156960843172571,0.49039010901112967,0.6045869491716444,0.7319384842872984,0.45480881128020073,S4,default_0.5,7
0.3374017129248154,0.3053689772523733,0.9098125541991862,0.45726259324448915,0.6517853729403219,0.7319384842872984,0.45480881128020073,S4,validation_tuned,7
0.5,0.5876136123441132,0.18544460009338937,0.28191866950613526,0.21485431640775948,0.7395310626963251,0.46732032430234727,S0,default_0.5,8
0.11582816597607337,0.2995235734149654,0.9268227603228604,0.45273550783668415,0.6532143562354844,0.7395310626963251,0.46732032430234727,S0,validation_tuned,8
0.11582816597607337,0.2995235734149654,0.9268227603228604,0.45273550783668415,0.6532143562354844,0.7395310626963251,0.46732032430234727,S5,validation_tuned,8
0.5,0.3904615499981253,0.6946834767527182,0.49992799193509674,0.601027298435967,0.7394791178969307,0.4653822095714477,S1,default_0.5,8
0.2896381369916835,0.3001292546316243,0.9293576145687412,0.4537297878230285,0.6547977139419462,0.7394791178969307,0.4653822095714477,S1,validation_tuned,8
0.5,0.39890052356020944,0.5082382762991128,0.4469801413862896,0.4818248507538197,0.6960623763476261,0.4102394279072436,S2,default_0.5,8
0.1278191433488334,0.2825666007623163,0.9247548529117471,0.43286704552551053,0.6357716120155927,0.6960623763476261,0.4102394279072436,S2,validation_tuned,8
0.5,0.39890052356020944,0.5082382762991128,0.4469801413862896,0.4818248507538197,0.6960623763476261,0.4102394279072436,S3,default_0.5,8
0.1278191433488334,0.2825666007623163,0.9247548529117471,0.43286704552551053,0.6357716120155927,0.6960623763476261,0.4102394279072436,S3,validation_tuned,8
0.5,0.375542489150217,0.715762791007938,0.4926198838463834,0.6059681937291046,0.7337886742771037,0.45555332674154403,S4,default_0.5,8
0.31867924317983853,0.30105299875733066,0.9211526916149689,0.45379559645087086,0.6523957555771829,0.7337886742771037,0.45555332674154403,S4,validation_tuned,8
0.5,0.592527083793942,0.17878585723815876,0.2746886690923999,0.20780670874494053,0.7378947705998025,0.46713598459903327,S0,default_0.5,9
0.11963279907023318,0.3006013333914332,0.9204136090727152,0.4531927473393772,0.6516748852236014,0.7378947705998025,0.46713598459903327,S0,validation_tuned,9
0.11963279907023318,0.3006013333914332,0.9204136090727152,0.4531927473393772,0.6516748852236014,0.7378947705998025,0.46713598459903327,S5,validation_tuned,9
0.5,0.3889076007634445,0.6932621747831887,0.4982858238833881,0.5994393234964986,0.7379715701042638,0.46522677672535234,S1,default_0.5,9
0.30409862653024144,0.3030229532776222,0.9168112074716478,0.4554960807384452,0.6524835490395298,0.7379715701042638,0.46522677672535234,S1,validation_tuned,9
0.5,0.39582461280870657,0.5046697798532355,0.4436689930209372,0.47836149332254146,0.6943155615029453,0.40955032451081386,S2,default_0.5,9
0.11569987430613365,0.27895104197826304,0.933155436957972,0.4295079450372304,0.6352118432405431,0.6943155615029453,0.40955032451081386,S2,validation_tuned,9
0.5,0.39582461280870657,0.5046697798532355,0.4436689930209372,0.47836149332254146,0.6943155615029453,0.40955032451081386,S3,default_0.5,9
0.11569987430613365,0.27895104197826304,0.933155436957972,0.4295079450372304,0.6352118432405431,0.6943155615029453,0.40955032451081386,S3,validation_tuned,9
0.5,0.3757537732231866,0.7191460973982655,0.4936010439799446,0.6080158828638789,0.732262976867413,0.45625152842418726,S4,default_0.5,9
0.34026004995844417,0.30621110985405586,0.9028018679119413,0.45731181887302524,0.6496567615572945,0.732262976867413,0.45625152842418726,S4,validation_tuned,9
0.5,0.5912818299525248,0.18277633246614636,0.27923566878980893,0.21208086937676088,0.7407870180759315,0.4663952794561791,S0,default_0.5,10
0.12628084399431147,0.3069066797205287,0.9200853845640717,0.4602806467221731,0.6573980515890416,0.7407870180759315,0.4663952794561791,S0,validation_tuned,10
0.12628084399431147,0.3069066797205287,0.9200853845640717,0.4602806467221731,0.6573980515890416,0.7407870180759315,0.4663952794561791,S5,validation_tuned,10
0.5,0.39082814886562606,0.6998198919351611,0.5015537600994406,0.6042715449214925,0.7407644996255445,0.46451390135176757,S1,default_0.5,10
0.30677651488197805,0.30580337426022436,0.9237542525515309,0.45949398589796764,0.6578747339616905,0.7407644996255445,0.46451390135176757,S1,validation_tuned,10
0.5,0.3981876887824185,0.5100393569475018,0.44722604041762937,0.48290932976277695,0.6967345578106107,0.4106361277405269,S2,default_0.5,10
0.12391565318111933,0.28212556471708433,0.9289573744246548,0.4328070611636002,0.6369083009375714,0.6967345578106107,0.4106361277405269,S2,validation_tuned,10
0.5,0.3981876887824185,0.5100393569475018,0.44722604041762937,0.48290932976277695,0.6967345578106107,0.4106361277405269,S3,default_0.5,10
0.12391565318111933,0.28212556471708433,0.9289573744246548,0.4328070611636002,0.6369083009375714,0.6967345578106107,0.4106361277405269,S3,validation_tuned,10
0.5,0.3757285595337219,0.7224334600760456,0.4943512495720644,0.6098797134747939,0.7344612864246913,0.45485226067861617,S4,default_0.5,10
0.33214143681537595,0.3049571358770488,0.9159495697418452,0.45757035506606464,0.6539194208972283,0.7344612864246913,0.45485226067861617,S4,validation_tuned,10
0.5,0.5790267011197244,0.17937429124141152,0.2738986503692386,0.20810116394254582,0.7361796219701904,0.46228646512423033,S0,default_0.5,11
0.12442605055494128,0.3032874041912188,0.9132813021146021,0.4553572913375351,0.6512948832607083,0.7361796219701904,0.46228646512423033,S0,validation_tuned,11
0.12442605055494128,0.3032874041912188,0.9132813021146021,0.4553572913375351,0.6512948832607083,0.7361796219701904,0.46228646512423033,S5,validation_tuned,11
0.5,0.3886604873673195,0.6936828763925021,0.49819148681342373,0.5995733394833949,0.7361802150440703,0.460395249673955,S1,default_0.5,11
0.31060608272200113,0.3042598153709265,0.9124141151357481,0.45634404297200815,0.6518361783852306,0.7361802150440703,0.460395249673955,S1,validation_tuned,11
0.5,0.3915067203598138,0.49936628643852976,0.43890712945590993,0.47328823417841565,0.6904695202105741,0.40506201364850297,S2,default_0.5,11
0.09637036640329157,0.2721313988922322,0.9471683009805884,0.42279061457837064,0.6330869173629627,0.6904695202105741,0.40506201364850297,S2,validation_tuned,11
0.5,0.3915067203598138,0.49936628643852976,0.43890712945590993,0.47328823417841565,0.6904695202105741,0.40506201364850297,S3,default_0.5,11
0.09637036640329157,0.2721313988922322,0.9471683009805884,0.42279061457837064,0.6330869173629627,0.6904695202105741,0.40506201364850297,S3,validation_tuned,11
0.5,0.3739182021217197,0.714762190647722,0.49098448919742477,0.604547506206274,0.7297414195059513,0.44986920834378574,S4,default_0.5,11
0.34645924669302086,0.3077168222171637,0.9017410446267761,0.45885168276166394,0.6505669239802107,0.7297414195059513,0.44986920834378574,S4,validation_tuned,11
0.5,0.5971330765939238,0.1861783736908812,0.28385456394609715,0.21589467495900244,0.735909260769558,0.46924619484361363,S0,default_0.5,12
0.13797858449418612,0.31011881325705815,0.8932025882195984,0.46039059276578187,0.6491114105932655,0.735909260769558,0.46924619484361363,S0,validation_tuned,12
0.13797858449418612,0.31011881325705815,0.8932025882195984,0.46039059276578187,0.6491114105932655,0.735909260769558,0.46924619484361363,S5,validation_tuned,12
0.5,0.3858150761232826,0.6930825161763725,0.4956942821020491,0.597854857642645,0.7358475556685974,0.4672407480080565,S1,default_0.5,12
0.34221528977289545,0.3134592262536247,0.8869321592955773,0.46321070234113715,0.6493392328654731,0.7358475556685974,0.4672407480080565,S1,validation_tuned,12
0.5,0.39088528025144054,0.49776532586218397,0.43789794900384377,0.47195587826042956,0.6917676756208961,0.4105884404383383,S2,default_0.5,12
0.11025809920414387,0.27734251345362454,0.9350943899673138,0.42780193789578086,0.6342527237847033,0.6917676756208961,0.4105884404383383,S2,validation_tuned,12
0.5,0.39088528025144054,0.49776532586218397,0.43789794900384377,0.47195587826042956,0.6917676756208961,0.4105884404383383,S3,default_0.5,12
0.11025809920414387,0.27734251345362454,0.9350943899673138,0.42780193789578086,0.6342527237847033,0.6917676756208961,0.4105884404383383,S3,validation_tuned,12
0.5,0.37069234232674125,0.713961710359549,0.4880083895677549,0.6023953983137657,0.7298904208457901,0.4586356501504018,S4,default_0.5,12
0.35248831152819315,0.308726534753932,0.8930024681475552,0.45882816650386443,0.6478040377059017,0.7298904208457901,0.4586356501504018,S4,validation_tuned,12
0.5,0.586053412462908,0.18444399973317324,0.2805824750114161,0.21373797965430877,0.7343433268541424,0.4614733274921603,S0,default_0.5,13
0.11812635328657815,0.29862526562296715,0.9186845440597692,0.45073557086517535,0.6491204916951038,0.7343433268541424,0.4614733274921603,S0,validation_tuned,13
0.11812635328657815,0.29862526562296715,0.9186845440597692,0.45073557086517535,0.6491204916951038,0.7343433268541424,0.4614733274921603,S5,validation_tuned,13
0.5,0.38454948411368123,0.6886798745914215,0.4935226349251876,0.5946251051134073,0.7343684548296011,0.45960371553838536,S1,default_0.5,13
0.29847141224639984,0.3001987203284345,0.9170168767927424,0.4523229797315083,0.6499333377459648,0.7343684548296011,0.45960371553838536,S1,validation_tuned,13
0.5,0.3966122701921091,0.5123073844306584,0.44709649250473005,0.48406615570794675,0.6945088503850264,0.4078974795146334,S2,default_0.5,13
0.13357398466959744,0.28359373396021104,0.9214195183776933,0.43370278501679804,0.6355421409575692,0.6945088503850264,0.4078974795146334,S2,validation_tuned,13
0.5,0.3966122701921091,0.5123073844306584,0.44709649250473005,0.48406615570794675,0.6945088503850264,0.4078974795146334,S3,default_0.5,13
0.13357398466959744,0.28359373396021104,0.9214195183776933,0.43370278501679804,0.6355421409575692,0.6945088503850264,0.4078974795146334,S3,validation_tuned,13
0.5,0.3711764500715008,0.7098926022280034,0.48747194356648804,0.6003271845207875,0.729743516445741,0.4522281308742517,S4,default_0.5,13
0.30951133435512945,0.29736339647737753,0.9246214395303849,0.4500032465424323,0.6502810174803194,0.729743516445741,0.4522281308742517,S4,validation_tuned,13
0.5,0.5920735712721699,0.18038692461641095,0.2765250294012374,0.20952469508887753,0.7398637779998517,0.46773103222408396,S0,default_0.5,14
0.1250473488059812,0.30601384899694967,0.9168779186124083,0.4588751815434953,0.6552687536353494,0.7398637779998517,0.46773103222408396,S0,validation_tuned,14
0.1250473488059812,0.30601384899694967,0.9168779186124083,0.4588751815434953,0.6552687536353494,0.7398637779998517,0.46773103222408396,S5,validation_tuned,14
0.5,0.38920528568769774,0.6975316877918613,0.49962967387408913,0.6021307227181112,0.7397120514951656,0.46574694376709624,S1,default_0.5,14
0.2927778386245262,0.300703082747431,0.9272848565710473,0.4541370579106428,0.6545180581061355,0.7397120514951656,0.46574694376709624,S1,validation_tuned,14
0.5,0.400769595698698,0.5072048032021348,0.44774888843084715,0.4816231898747007,0.6963697636093318,0.41294578533278803,S2,default_0.5,14
0.11333774789752338,0.2782069566595357,0.9369579719813209,0.4290252619360357,0.6358425989641809,0.6963697636093318,0.41294578533278803,S2,validation_tuned,14
0.5,0.400769595698698,0.5072048032021348,0.44774888843084715,0.4816231898747007,0.6963697636093318,0.41294578533278803,S3,default_0.5,14
0.11333774789752338,0.2782069566595357,0.9369579719813209,0.4290252619360357,0.6358425989641809,0.6963697636093318,0.41294578533278803,S3,validation_tuned,14
0.5,0.3758267771356959,0.7202134756504336,0.49391527129655044,0.6086642762104504,0.7344326175890649,0.4579522833253221,S4,default_0.5,14
0.34246246237143796,0.30750918242416,0.9048032021347565,0.45901583863544065,0.6516537581919166,0.7344326175890649,0.4579522833253221,S4,validation_tuned,14
