,,precision,precision,recall,recall,f1,f1,f2,f2,roc_auc,roc_auc,pr_auc,pr_auc
,,mean,std,mean,std,mean,std,mean,std,mean,std,mean,std
strategy,threshold_type,,,,,,,,,,,,
S0,default_0.5,0.5879188023460742,0.0048700063449319585,0.18283208662133013,0.0030973515734729336,0.2789121874163623,0.00384912504862949,0.2120505895850011,0.003384319194066582,0.737383512989052,0.0020156589873922227,0.46523531209680496,0.0030229484799579585
S0,validation_tuned,0.3058479361320395,0.004610454489632743,0.9103672655005056,0.011383545421263254,0.45781155697235787,0.003924537370343929,0.6523424863800168,0.0022173133606596513,0.737383512989052,0.0020156589873922227,0.46523531209680496,0.0030229484799579585
S1,default_0.5,0.38769855027481426,0.0018766502131566196,0.6945593189432302,0.003300907274461382,0.4976239060406468,0.0021888382258842868,0.5996355545363697,0.0026364020347423365,0.7373360445780262,0.0019933137969681564,0.4632832339317404,0.003044373442653685
S1,validation_tuned,0.3070601720818798,0.005712632628494041,0.9091665406181667,0.014586161109455808,0.45897909301944484,0.004632540041089875,0.6528814536801746,0.0021270455203595273,0.7373360445780262,0.0019933137969681564,0.4632832339317404,0.003044373442653685
S2,default_0.5,0.3959373358499929,0.0028836649249205522,0.5055856563378395,0.005059082827373584,0.4440885203682843,0.0034889184427467387,0.47904853494490557,0.004278874280415521,0.6941245499596252,0.0023667597003638637,0.4094754325490952,0.0025150273694977735
S2,validation_tuned,0.2809953208650764,0.003622081468968744,0.9278047193003371,0.00915785245393243,0.4313148957869537,0.003352799398064366,0.6352466125165048,0.0010466541558583156,0.6941245499596252,0.0023667597003638637,0.4094754325490952,0.0025150273694977735
S3,default_0.5,0.3959373358499929,0.0028836649249205522,0.5055856563378395,0.005059082827373584,0.4440885203682843,0.0034889184427467387,0.47904853494490557,0.004278874280415521,0.6941245499596252,0.0023667597003638637,0.4094754325490952,0.0025150273694977735
S3,validation_tuned,0.2809953208650764,0.003622081468968744,0.9278047193003371,0.00915785245393243,0.4313148957869537,0.003352799398064366,0.6352466125165048,0.0010466541558583156,0.6941245499596252,0.0023667597003638637,0.4094754325490952,0.0025150273694977735
S4,default_0.5,0.37372402596654136,0.001728528816573934,0.717435602566788,0.003964021543920476,0.49144393188345137,0.0022176976489801732,0.6059713265711301,0.0029382461046182817,0.7317722785732916,0.001970838463962067,0.45461328098607484,0.0030730198761323942
S4,validation_tuned,0.304103939597678,0.0033124854241506304,0.9110386991219266,0.008836157219119843,0.45596396297562264,0.0027484251212894608,0.651070367644855,0.001408716018905931,0.7317722785732916,0.001970838463962067,0.45461328098607484,0.0030730198761323942
S5,validation_tuned,0.3058479361320395,0.004610454489632743,0.9103672655005056,0.011383545421263254,0.45781155697235787,0.003924537370343929,0.6523424863800168,0.0022173133606596513,0.737383512989052,0.0020156589873922227,0.46523531209680496,0.0030229484799579585
